{
  "threshold": 0.9971990585327148,
  "recall": 0.992462311557789,
  "precision": 1.0
}